from,to,count
2021-01-01T05:57:04-05:00,2021-01-02T00:09:19-05:00,0
2021-01-02T00:09:20-05:00,2021-01-02T18:21:35-05:00,0
2021-01-02T18:21:36-05:00,2021-01-03T12:33:51-05:00,0
2021-01-03T12:33:52-05:00,2021-01-04T06:46:07-05:00,0
2021-01-04T06:46:08-05:00,2021-01-05T00:58:23-05:00,0
2021-01-05T00:58:24-05:00,2021-01-05T19:10:39-05:00,0
2021-01-05T19:10:40-05:00,2021-01-06T13:22:55-05:00,0
2021-01-06T13:22:56-05:00,2021-01-07T07:35:11-05:00,0
2021-01-07T07:35:12-05:00,2021-01-08T01:47:27-05:00,0
2021-01-08T01:47:28-05:00,2021-01-08T19:59:43-05:00,0
2021-01-08T19:59:44-05:00,2021-01-09T14:11:59-05:00,0
2021-01-09T14:12:00-05:00,2021-01-10T08:24:15-05:00,0
2021-01-10T08:24:16-05:00,2021-01-11T02:36:31-05:00,0
2021-01-11T02:36:32-05:00,2021-01-11T20:48:47-05:00,0
2021-01-11T20:48:48-05:00,2021-01-12T15:01:03-05:00,0
2021-01-12T15:01:04-05:00,2021-01-13T09:13:19-05:00,0
2021-01-13T09:13:20-05:00,2021-01-14T03:25:35-05:00,0
2021-01-14T03:25:36-05:00,2021-01-14T21:37:51-05:00,0
2021-01-14T21:37:52-05:00,2021-01-15T15:50:07-05:00,0
2021-01-15T15:50:08-05:00,2021-01-16T10:02:23-05:00,0
2021-01-16T10:02:24-05:00,2021-01-17T04:14:39-05:00,0
2021-01-17T04:14:40-05:00,2021-01-17T22:26:55-05:00,0
2021-01-17T22:26:56-05:00,2021-01-18T16:39:11-05:00,0
2021-01-18T16:39:12-05:00,2021-01-19T10:51:27-05:00,0
2021-01-19T10:51:28-05:00,2021-01-20T05:03:43-05:00,0
2021-01-20T05:03:44-05:00,2021-01-20T23:15:59-05:00,0
2021-01-20T23:16:00-05:00,2021-01-21T17:28:15-05:00,0
2021-01-21T17:28:16-05:00,2021-01-22T11:40:31-05:00,0
2021-01-22T11:40:32-05:00,2021-01-23T05:52:47-05:00,0
2021-01-23T05:52:48-05:00,2021-01-24T00:05:03-05:00,0
2021-01-24T00:05:04-05:00,2021-01-24T18:17:19-05:00,0
2021-01-24T18:17:20-05:00,2021-01-25T12:29:35-05:00,0
2021-01-25T12:29:36-05:00,2021-01-26T06:41:51-05:00,0
2021-01-26T06:41:52-05:00,2021-01-27T00:54:07-05:00,0
2021-01-27T00:54:08-05:00,2021-01-27T19:06:23-05:00,0
2021-01-27T19:06:24-05:00,2021-01-28T13:18:39-05:00,0
2021-01-28T13:18:40-05:00,2021-01-29T07:30:55-05:00,0
2021-01-29T07:30:56-05:00,2021-01-30T01:43:11-05:00,0
2021-01-30T01:43:12-05:00,2021-01-30T19:55:27-05:00,0
2021-01-30T19:55:28-05:00,2021-01-31T14:07:43-05:00,0
2021-01-31T14:07:44-05:00,2021-02-01T08:19:59-05:00,0
2021-02-01T08:20:00-05:00,2021-02-02T02:32:15-05:00,0
2021-02-02T02:32:16-05:00,2021-02-02T20:44:31-05:00,0
2021-02-02T20:44:32-05:00,2021-02-03T14:56:47-05:00,0
2021-02-03T14:56:48-05:00,2021-02-04T09:09:03-05:00,0
2021-02-04T09:09:04-05:00,2021-02-05T03:21:19-05:00,0
2021-02-05T03:21:20-05:00,2021-02-05T21:33:35-05:00,0
2021-02-05T21:33:36-05:00,2021-02-06T15:45:51-05:00,0
2021-02-06T15:45:52-05:00,2021-02-07T09:58:07-05:00,0
2021-02-07T09:58:08-05:00,2021-02-08T04:10:23-05:00,0
2021-02-08T04:10:24-05:00,2021-02-08T22:22:39-05:00,0
2021-02-08T22:22:40-05:00,2021-02-09T16:34:55-05:00,0
2021-02-09T16:34:56-05:00,2021-02-10T10:47:11-05:00,0
2021-02-10T10:47:12-05:00,2021-02-11T04:59:27-05:00,0
2021-02-11T04:59:28-05:00,2021-02-11T23:11:43-05:00,0
2021-02-11T23:11:44-05:00,2021-02-12T17:23:59-05:00,0
2021-02-12T17:24:00-05:00,2021-02-13T11:36:15-05:00,0
2021-02-13T11:36:16-05:00,2021-02-14T05:48:31-05:00,0
2021-02-14T05:48:32-05:00,2021-02-15T00:00:47-05:00,0
2021-02-15T00:00:48-05:00,2021-02-15T18:13:03-05:00,0
2021-02-15T18:13:04-05:00,2021-02-16T12:25:19-05:00,0
2021-02-16T12:25:20-05:00,2021-02-17T06:37:35-05:00,0
2021-02-17T06:37:36-05:00,2021-02-18T00:49:51-05:00,0
2021-02-18T00:49:52-05:00,2021-02-18T19:02:07-05:00,0
2021-02-18T19:02:08-05:00,2021-02-19T13:14:23-05:00,0
2021-02-19T13:14:24-05:00,2021-02-20T07:26:39-05:00,0
2021-02-20T07:26:40-05:00,2021-02-21T01:38:55-05:00,0
2021-02-21T01:38:56-05:00,2021-02-21T19:51:11-05:00,0
2021-02-21T19:51:12-05:00,2021-02-22T14:03:27-05:00,0
2021-02-22T14:03:28-05:00,2021-02-23T08:15:43-05:00,0
2021-02-23T08:15:44-05:00,2021-02-24T02:27:59-05:00,0
2021-02-24T02:28:00-05:00,2021-02-24T20:40:15-05:00,0
2021-02-24T20:40:16-05:00,2021-02-25T14:52:31-05:00,0
2021-02-25T14:52:32-05:00,2021-02-26T09:04:47-05:00,0
2021-02-26T09:04:48-05:00,2021-02-27T03:17:03-05:00,0
2021-02-27T03:17:04-05:00,2021-02-27T21:29:19-05:00,0
2021-02-27T21:29:20-05:00,2021-02-28T15:41:35-05:00,0
2021-02-28T15:41:36-05:00,2021-03-01T09:53:51-05:00,0
2021-03-01T09:53:52-05:00,2021-03-02T04:06:07-05:00,0
2021-03-02T04:06:08-05:00,2021-03-02T22:18:23-05:00,0
2021-03-02T22:18:24-05:00,2021-03-03T16:30:39-05:00,0
2021-03-03T16:30:40-05:00,2021-03-04T10:42:55-05:00,0
2021-03-04T10:42:56-05:00,2021-03-05T04:55:11-05:00,0
2021-03-05T04:55:12-05:00,2021-03-05T23:07:27-05:00,0
2021-03-05T23:07:28-05:00,2021-03-06T17:19:43-05:00,0
2021-03-06T17:19:44-05:00,2021-03-07T11:31:59-05:00,0
2021-03-07T11:32:00-05:00,2021-03-08T05:44:15-05:00,0
2021-03-08T05:44:16-05:00,2021-03-08T23:56:31-05:00,0
2021-03-08T23:56:32-05:00,2021-03-09T18:08:47-05:00,0
2021-03-09T18:08:48-05:00,2021-03-10T12:21:03-05:00,0
2021-03-10T12:21:04-05:00,2021-03-11T06:33:19-05:00,0
2021-03-11T06:33:20-05:00,2021-03-12T00:45:35-05:00,0
2021-03-12T00:45:36-05:00,2021-03-12T18:57:51-05:00,0
2021-03-12T18:57:52-05:00,2021-03-13T13:10:07-05:00,0
2021-03-13T13:10:08-05:00,2021-03-14T08:22:23-04:00,0
2021-03-14T08:22:24-04:00,2021-03-15T02:34:39-04:00,0
2021-03-15T02:34:40-04:00,2021-03-15T20:46:55-04:00,0
2021-03-15T20:46:56-04:00,2021-03-16T14:59:11-04:00,0
2021-03-16T14:59:12-04:00,2021-03-17T09:11:27-04:00,0
2021-03-17T09:11:28-04:00,2021-03-18T03:23:43-04:00,0
2021-03-18T03:23:44-04:00,2021-03-18T21:35:59-04:00,0
2021-03-18T21:36:00-04:00,2021-03-19T15:48:15-04:00,0
2021-03-19T15:48:16-04:00,2021-03-20T10:00:31-04:00,0
2021-03-20T10:00:32-04:00,2021-03-21T04:12:47-04:00,0
2021-03-21T04:12:48-04:00,2021-03-21T22:25:03-04:00,0
2021-03-21T22:25:04-04:00,2021-03-22T16:37:19-04:00,0
2021-03-22T16:37:20-04:00,2021-03-23T10:49:35-04:00,0
2021-03-23T10:49:36-04:00,2021-03-24T05:01:51-04:00,0
2021-03-24T05:01:52-04:00,2021-03-24T23:14:07-04:00,0
2021-03-24T23:14:08-04:00,2021-03-25T17:26:23-04:00,0
2021-03-25T17:26:24-04:00,2021-03-26T11:38:39-04:00,0
2021-03-26T11:38:40-04:00,2021-03-27T05:50:55-04:00,0
2021-03-27T05:50:56-04:00,2021-03-28T00:03:11-04:00,0
2021-03-28T00:03:12-04:00,2021-03-28T18:15:27-04:00,0
2021-03-28T18:15:28-04:00,2021-03-29T12:27:43-04:00,0
2021-03-29T12:27:44-04:00,2021-03-30T06:39:59-04:00,0
2021-03-30T06:40:00-04:00,2021-03-31T00:52:15-04:00,0
2021-03-31T00:52:16-04:00,2021-03-31T19:04:31-04:00,0
2021-03-31T19:04:32-04:00,2021-04-01T13:16:47-04:00,0
2021-04-01T13:16:48-04:00,2021-04-02T07:29:03-04:00,0
2021-04-02T07:29:04-04:00,2021-04-03T01:41:19-04:00,0
2021-04-03T01:41:20-04:00,2021-04-03T19:53:35-04:00,0
2021-04-03T19:53:36-04:00,2021-04-04T14:05:51-04:00,0
2021-04-04T14:05:52-04:00,2021-04-05T08:18:07-04:00,0
2021-04-05T08:18:08-04:00,2021-04-06T02:30:23-04:00,0
2021-04-06T02:30:24-04:00,2021-04-06T20:42:39-04:00,0
2021-04-06T20:42:40-04:00,2021-04-07T14:54:55-04:00,0
2021-04-07T14:54:56-04:00,2021-04-08T09:07:11-04:00,0
2021-04-08T09:07:12-04:00,2021-04-09T03:19:27-04:00,0
2021-04-09T03:19:28-04:00,2021-04-09T21:31:43-04:00,0
2021-04-09T21:31:44-04:00,2021-04-10T15:43:59-04:00,0
2021-04-10T15:44:00-04:00,2021-04-11T09:56:15-04:00,0
2021-04-11T09:56:16-04:00,2021-04-12T04:08:31-04:00,0
2021-04-12T04:08:32-04:00,2021-04-12T22:20:47-04:00,0
2021-04-12T22:20:48-04:00,2021-04-13T16:33:03-04:00,0
2021-04-13T16:33:04-04:00,2021-04-14T10:45:19-04:00,0
2021-04-14T10:45:20-04:00,2021-04-15T04:57:35-04:00,0
2021-04-15T04:57:36-04:00,2021-04-15T23:09:51-04:00,0
2021-04-15T23:09:52-04:00,2021-04-16T17:22:07-04:00,0
2021-04-16T17:22:08-04:00,2021-04-17T11:34:23-04:00,0
2021-04-17T11:34:24-04:00,2021-04-18T05:46:39-04:00,0
2021-04-18T05:46:40-04:00,2021-04-18T23:58:55-04:00,0
2021-04-18T23:58:56-04:00,2021-04-19T18:11:11-04:00,0
2021-04-19T18:11:12-04:00,2021-04-20T12:23:27-04:00,0
2021-04-20T12:23:28-04:00,2021-04-21T06:35:43-04:00,0
2021-04-21T06:35:44-04:00,2021-04-22T00:47:59-04:00,0
2021-04-22T00:48:00-04:00,2021-04-22T19:00:15-04:00,0
2021-04-22T19:00:16-04:00,2021-04-23T13:12:31-04:00,0
2021-04-23T13:12:32-04:00,2021-04-24T07:24:47-04:00,0
2021-04-24T07:24:48-04:00,2021-04-25T01:37:03-04:00,0
2021-04-25T01:37:04-04:00,2021-04-25T19:49:19-04:00,0
2021-04-25T19:49:20-04:00,2021-04-26T14:01:35-04:00,0
2021-04-26T14:01:36-04:00,2021-04-27T08:13:51-04:00,0
2021-04-27T08:13:52-04:00,2021-04-28T02:26:07-04:00,0
2021-04-28T02:26:08-04:00,2021-04-28T20:38:23-04:00,0
2021-04-28T20:38:24-04:00,2021-04-29T14:50:39-04:00,0
2021-04-29T14:50:40-04:00,2021-04-30T09:02:55-04:00,0
2021-04-30T09:02:56-04:00,2021-05-01T03:15:11-04:00,0
2021-05-01T03:15:12-04:00,2021-05-01T21:27:27-04:00,0
2021-05-01T21:27:28-04:00,2021-05-02T15:39:43-04:00,0
2021-05-02T15:39:44-04:00,2021-05-03T09:51:59-04:00,0
2021-05-03T09:52:00-04:00,2021-05-04T04:04:15-04:00,0
2021-05-04T04:04:16-04:00,2021-05-04T22:16:31-04:00,0
2021-05-04T22:16:32-04:00,2021-05-05T16:28:47-04:00,0
2021-05-05T16:28:48-04:00,2021-05-06T10:41:03-04:00,0
2021-05-06T10:41:04-04:00,2021-05-07T04:53:19-04:00,0
2021-05-07T04:53:20-04:00,2021-05-07T23:05:35-04:00,0
2021-05-07T23:05:36-04:00,2021-05-08T17:17:51-04:00,0
2021-05-08T17:17:52-04:00,2021-05-09T11:30:07-04:00,0
2021-05-09T11:30:08-04:00,2021-05-10T05:42:23-04:00,0
2021-05-10T05:42:24-04:00,2021-05-10T23:54:39-04:00,0
2021-05-10T23:54:40-04:00,2021-05-11T18:06:55-04:00,0
2021-05-11T18:06:56-04:00,2021-05-12T12:19:11-04:00,0
2021-05-12T12:19:12-04:00,2021-05-13T06:31:27-04:00,0
2021-05-13T06:31:28-04:00,2021-05-14T00:43:43-04:00,0
2021-05-14T00:43:44-04:00,2021-05-14T18:55:59-04:00,0
2021-05-14T18:56:00-04:00,2021-05-15T13:08:15-04:00,0
2021-05-15T13:08:16-04:00,2021-05-16T07:20:31-04:00,0
2021-05-16T07:20:32-04:00,2021-05-17T01:32:47-04:00,0
2021-05-17T01:32:48-04:00,2021-05-17T19:45:03-04:00,0
2021-05-17T19:45:04-04:00,2021-05-18T13:57:19-04:00,0
2021-05-18T13:57:20-04:00,2021-05-19T08:09:35-04:00,0
2021-05-19T08:09:36-04:00,2021-05-20T02:21:51-04:00,0
2021-05-20T02:21:52-04:00,2021-05-20T20:34:07-04:00,0
2021-05-20T20:34:08-04:00,2021-05-21T14:46:23-04:00,0
2021-05-21T14:46:24-04:00,2021-05-22T08:58:39-04:00,0
2021-05-22T08:58:40-04:00,2021-05-23T03:10:55-04:00,0
2021-05-23T03:10:56-04:00,2021-05-23T21:23:11-04:00,0
2021-05-23T21:23:12-04:00,2021-05-24T15:35:27-04:00,0
2021-05-24T15:35:28-04:00,2021-05-25T09:47:43-04:00,0
2021-05-25T09:47:44-04:00,2021-05-26T03:59:59-04:00,0
2021-05-26T04:00:00-04:00,2021-05-26T22:12:15-04:00,0
2021-05-26T22:12:16-04:00,2021-05-27T16:24:31-04:00,0
2021-05-27T16:24:32-04:00,2021-05-28T10:36:47-04:00,0
2021-05-28T10:36:48-04:00,2021-05-29T04:49:03-04:00,0
2021-05-29T04:49:04-04:00,2021-05-29T23:01:19-04:00,0
2021-05-29T23:01:20-04:00,2021-05-30T17:13:35-04:00,0
2021-05-30T17:13:36-04:00,2021-05-31T11:25:51-04:00,0
2021-05-31T11:25:52-04:00,2021-06-01T05:38:07-04:00,0
2021-06-01T05:38:08-04:00,2021-06-01T23:50:23-04:00,0
2021-06-01T23:50:24-04:00,2021-06-02T18:02:39-04:00,0
2021-06-02T18:02:40-04:00,2021-06-03T12:14:55-04:00,0
2021-06-03T12:14:56-04:00,2021-06-04T06:27:11-04:00,0
2021-06-04T06:27:12-04:00,2021-06-05T00:39:27-04:00,0
2021-06-05T00:39:28-04:00,2021-06-05T18:51:43-04:00,0
2021-06-05T18:51:44-04:00,2021-06-06T13:03:59-04:00,0
2021-06-06T13:04:00-04:00,2021-06-07T07:16:15-04:00,0
2021-06-07T07:16:16-04:00,2021-06-08T01:28:31-04:00,0
2021-06-08T01:28:32-04:00,2021-06-08T19:40:47-04:00,0
2021-06-08T19:40:48-04:00,2021-06-09T13:53:03-04:00,0
2021-06-09T13:53:04-04:00,2021-06-10T08:05:19-04:00,0
2021-06-10T08:05:20-04:00,2021-06-11T02:17:35-04:00,0
2021-06-11T02:17:36-04:00,2021-06-11T20:29:51-04:00,0
2021-06-11T20:29:52-04:00,2021-06-12T14:42:07-04:00,0
2021-06-12T14:42:08-04:00,2021-06-13T08:54:23-04:00,0
2021-06-13T08:54:24-04:00,2021-06-14T03:06:39-04:00,0
2021-06-14T03:06:40-04:00,2021-06-14T21:18:55-04:00,0
2021-06-14T21:18:56-04:00,2021-06-15T15:31:11-04:00,0
2021-06-15T15:31:12-04:00,2021-06-16T09:43:27-04:00,0
2021-06-16T09:43:28-04:00,2021-06-17T03:55:43-04:00,0
2021-06-17T03:55:44-04:00,2021-06-17T22:07:59-04:00,0
2021-06-17T22:08:00-04:00,2021-06-18T16:20:15-04:00,0
2021-06-18T16:20:16-04:00,2021-06-19T10:32:31-04:00,0
2021-06-19T10:32:32-04:00,2021-06-20T04:44:47-04:00,0
2021-06-20T04:44:48-04:00,2021-06-20T22:57:03-04:00,0
2021-06-20T22:57:04-04:00,2021-06-21T17:09:19-04:00,0
2021-06-21T17:09:20-04:00,2021-06-22T11:21:35-04:00,0
2021-06-22T11:21:36-04:00,2021-06-23T05:33:51-04:00,0
2021-06-23T05:33:52-04:00,2021-06-23T23:46:07-04:00,0
2021-06-23T23:46:08-04:00,2021-06-24T17:58:23-04:00,0
2021-06-24T17:58:24-04:00,2021-06-25T12:10:39-04:00,0
2021-06-25T12:10:40-04:00,2021-06-26T06:22:55-04:00,0
2021-06-26T06:22:56-04:00,2021-06-27T00:35:11-04:00,0
2021-06-27T00:35:12-04:00,2021-06-27T18:47:27-04:00,0
2021-06-27T18:47:28-04:00,2021-06-28T12:59:43-04:00,0
2021-06-28T12:59:44-04:00,2021-06-29T07:11:59-04:00,0
2021-06-29T07:12:00-04:00,2021-06-30T01:24:15-04:00,0
2021-06-30T01:24:16-04:00,2021-06-30T19:36:31-04:00,0
2021-06-30T19:36:32-04:00,2021-07-01T13:48:47-04:00,0
2021-07-01T13:48:48-04:00,2021-07-02T08:01:03-04:00,0
2021-07-02T08:01:04-04:00,2021-07-03T02:13:19-04:00,0
2021-07-03T02:13:20-04:00,2021-07-03T20:25:35-04:00,0
2021-07-03T20:25:36-04:00,2021-07-04T14:37:51-04:00,0
2021-07-04T14:37:52-04:00,2021-07-05T08:50:07-04:00,0
2021-07-05T08:50:08-04:00,2021-07-06T03:02:23-04:00,0
2021-07-06T03:02:24-04:00,2021-07-06T21:14:39-04:00,0
2021-07-06T21:14:40-04:00,2021-07-07T15:26:55-04:00,0
2021-07-07T15:26:56-04:00,2021-07-08T09:39:11-04:00,0
2021-07-08T09:39:12-04:00,2021-07-09T03:51:27-04:00,0
2021-07-09T03:51:28-04:00,2021-07-09T22:03:43-04:00,0
2021-07-09T22:03:44-04:00,2021-07-10T16:15:59-04:00,0
2021-07-10T16:16:00-04:00,2021-07-11T10:28:15-04:00,0
2021-07-11T10:28:16-04:00,2021-07-12T04:40:31-04:00,0
2021-07-12T04:40:32-04:00,2021-07-12T22:52:47-04:00,0
2021-07-12T22:52:48-04:00,2021-07-13T17:05:03-04:00,0
2021-07-13T17:05:04-04:00,2021-07-14T11:17:19-04:00,0
2021-07-14T11:17:20-04:00,2021-07-15T05:29:35-04:00,0
2021-07-15T05:29:36-04:00,2021-07-15T23:41:51-04:00,0
2021-07-15T23:41:52-04:00,2021-07-16T17:54:07-04:00,0
2021-07-16T17:54:08-04:00,2021-07-17T12:06:23-04:00,0
2021-07-17T12:06:24-04:00,2021-07-18T06:18:39-04:00,0
2021-07-18T06:18:40-04:00,2021-07-19T00:30:55-04:00,0
2021-07-19T00:30:56-04:00,2021-07-19T18:43:11-04:00,0
2021-07-19T18:43:12-04:00,2021-07-20T12:55:27-04:00,0
2021-07-20T12:55:28-04:00,2021-07-21T07:07:43-04:00,0
2021-07-21T07:07:44-04:00,2021-07-22T01:19:59-04:00,0
2021-07-22T01:20:00-04:00,2021-07-22T19:32:15-04:00,0
2021-07-22T19:32:16-04:00,2021-07-23T13:44:31-04:00,0
2021-07-23T13:44:32-04:00,2021-07-24T07:56:47-04:00,0
2021-07-24T07:56:48-04:00,2021-07-25T02:09:03-04:00,0
2021-07-25T02:09:04-04:00,2021-07-25T20:21:19-04:00,0
2021-07-25T20:21:20-04:00,2021-07-26T14:33:35-04:00,0
2021-07-26T14:33:36-04:00,2021-07-27T08:45:51-04:00,0
2021-07-27T08:45:52-04:00,2021-07-28T02:58:07-04:00,0
2021-07-28T02:58:08-04:00,2021-07-28T21:10:23-04:00,0
2021-07-28T21:10:24-04:00,2021-07-29T15:22:39-04:00,0
2021-07-29T15:22:40-04:00,2021-07-30T09:34:55-04:00,0
2021-07-30T09:34:56-04:00,2021-07-31T03:47:11-04:00,0
2021-07-31T03:47:12-04:00,2021-07-31T21:59:27-04:00,0
2021-07-31T21:59:28-04:00,2021-08-01T16:11:43-04:00,0
2021-08-01T16:11:44-04:00,2021-08-02T10:23:59-04:00,0
2021-08-02T10:24:00-04:00,2021-08-03T04:36:15-04:00,0
2021-08-03T04:36:16-04:00,2021-08-03T22:48:31-04:00,0
2021-08-03T22:48:32-04:00,2021-08-04T17:00:47-04:00,0
2021-08-04T17:00:48-04:00,2021-08-05T11:13:03-04:00,0
2021-08-05T11:13:04-04:00,2021-08-06T05:25:19-04:00,0
2021-08-06T05:25:20-04:00,2021-08-06T23:37:35-04:00,0
2021-08-06T23:37:36-04:00,2021-08-07T17:49:51-04:00,0
2021-08-07T17:49:52-04:00,2021-08-08T12:02:07-04:00,0
2021-08-08T12:02:08-04:00,2021-08-09T06:14:23-04:00,0
2021-08-09T06:14:24-04:00,2021-08-10T00:26:39-04:00,0
2021-08-10T00:26:40-04:00,2021-08-10T18:38:55-04:00,0
2021-08-10T18:38:56-04:00,2021-08-11T12:51:11-04:00,0
2021-08-11T12:51:12-04:00,2021-08-12T07:03:27-04:00,0
2021-08-12T07:03:28-04:00,2021-08-13T01:15:43-04:00,0
2021-08-13T01:15:44-04:00,2021-08-13T19:27:59-04:00,0
2021-08-13T19:28:00-04:00,2021-08-14T13:40:15-04:00,0
2021-08-14T13:40:16-04:00,2021-08-15T07:52:31-04:00,0
2021-08-15T07:52:32-04:00,2021-08-16T02:04:47-04:00,0
2021-08-16T02:04:48-04:00,2021-08-16T20:17:03-04:00,0
2021-08-16T20:17:04-04:00,2021-08-17T14:29:19-04:00,0
2021-08-17T14:29:20-04:00,2021-08-18T08:41:35-04:00,0
2021-08-18T08:41:36-04:00,2021-08-19T02:53:51-04:00,0
2021-08-19T02:53:52-04:00,2021-08-19T21:06:07-04:00,0
2021-08-19T21:06:08-04:00,2021-08-20T15:18:23-04:00,0
2021-08-20T15:18:24-04:00,2021-08-21T09:30:39-04:00,0
2021-08-21T09:30:40-04:00,2021-08-22T03:42:55-04:00,0
2021-08-22T03:42:56-04:00,2021-08-22T21:55:11-04:00,0
2021-08-22T21:55:12-04:00,2021-08-23T16:07:27-04:00,0
2021-08-23T16:07:28-04:00,2021-08-24T10:19:43-04:00,0
2021-08-24T10:19:44-04:00,2021-08-25T04:31:59-04:00,0
2021-08-25T04:32:00-04:00,2021-08-25T22:44:15-04:00,0
2021-08-25T22:44:16-04:00,2021-08-26T16:56:31-04:00,0
2021-08-26T16:56:32-04:00,2021-08-27T11:08:47-04:00,0
2021-08-27T11:08:48-04:00,2021-08-28T05:21:03-04:00,0
2021-08-28T05:21:04-04:00,2021-08-28T23:33:19-04:00,0
2021-08-28T23:33:20-04:00,2021-08-29T17:45:35-04:00,0
2021-08-29T17:45:36-04:00,2021-08-30T11:57:51-04:00,0
2021-08-30T11:57:52-04:00,2021-08-31T06:10:07-04:00,0
2021-08-31T06:10:08-04:00,2021-09-01T00:22:23-04:00,0
2021-09-01T00:22:24-04:00,2021-09-01T18:34:39-04:00,0
2021-09-01T18:34:40-04:00,2021-09-02T12:46:55-04:00,0
2021-09-02T12:46:56-04:00,2021-09-03T06:59:11-04:00,0
2021-09-03T06:59:12-04:00,2021-09-04T01:11:27-04:00,0
2021-09-04T01:11:28-04:00,2021-09-04T19:23:43-04:00,0
2021-09-04T19:23:44-04:00,2021-09-05T13:35:59-04:00,0
2021-09-05T13:36:00-04:00,2021-09-06T07:48:15-04:00,0
2021-09-06T07:48:16-04:00,2021-09-07T02:00:31-04:00,0
2021-09-07T02:00:32-04:00,2021-09-07T20:12:47-04:00,0
2021-09-07T20:12:48-04:00,2021-09-08T14:25:03-04:00,0
2021-09-08T14:25:04-04:00,2021-09-09T08:37:19-04:00,0
2021-09-09T08:37:20-04:00,2021-09-10T02:49:35-04:00,0
2021-09-10T02:49:36-04:00,2021-09-10T21:01:51-04:00,0
2021-09-10T21:01:52-04:00,2021-09-11T15:14:07-04:00,0
2021-09-11T15:14:08-04:00,2021-09-12T09:26:23-04:00,0
2021-09-12T09:26:24-04:00,2021-09-13T03:38:39-04:00,0
2021-09-13T03:38:40-04:00,2021-09-13T21:50:55-04:00,0
2021-09-13T21:50:56-04:00,2021-09-14T16:03:11-04:00,0
2021-09-14T16:03:12-04:00,2021-09-15T10:15:27-04:00,0
2021-09-15T10:15:28-04:00,2021-09-16T04:27:43-04:00,0
2021-09-16T04:27:44-04:00,2021-09-16T22:39:59-04:00,0
2021-09-16T22:40:00-04:00,2021-09-17T16:52:15-04:00,0
2021-09-17T16:52:16-04:00,2021-09-18T11:04:31-04:00,0
2021-09-18T11:04:32-04:00,2021-09-19T05:16:47-04:00,0
2021-09-19T05:16:48-04:00,2021-09-19T23:29:03-04:00,0
2021-09-19T23:29:04-04:00,2021-09-20T17:41:19-04:00,0
2021-09-20T17:41:20-04:00,2021-09-21T11:53:35-04:00,0
2021-09-21T11:53:36-04:00,2021-09-22T06:05:51-04:00,0
2021-09-22T06:05:52-04:00,2021-09-23T00:18:07-04:00,0
2021-09-23T00:18:08-04:00,2021-09-23T18:30:23-04:00,0
2021-09-23T18:30:24-04:00,2021-09-24T12:42:39-04:00,0
2021-09-24T12:42:40-04:00,2021-09-25T06:54:55-04:00,0
2021-09-25T06:54:56-04:00,2021-09-26T01:07:11-04:00,0
2021-09-26T01:07:12-04:00,2021-09-26T19:19:27-04:00,0
2021-09-26T19:19:28-04:00,2021-09-27T13:31:43-04:00,0
2021-09-27T13:31:44-04:00,2021-09-28T07:43:59-04:00,0
2021-09-28T07:44:00-04:00,2021-09-29T01:56:15-04:00,0
2021-09-29T01:56:16-04:00,2021-09-29T20:08:31-04:00,0
2021-09-29T20:08:32-04:00,2021-09-30T14:20:47-04:00,0
2021-09-30T14:20:48-04:00,2021-10-01T08:33:03-04:00,0
2021-10-01T08:33:04-04:00,2021-10-02T02:45:19-04:00,0
2021-10-02T02:45:20-04:00,2021-10-02T20:57:35-04:00,0
2021-10-02T20:57:36-04:00,2021-10-03T15:09:51-04:00,0
2021-10-03T15:09:52-04:00,2021-10-04T09:22:07-04:00,0
2021-10-04T09:22:08-04:00,2021-10-05T03:34:23-04:00,0
2021-10-05T03:34:24-04:00,2021-10-05T21:46:39-04:00,0
2021-10-05T21:46:40-04:00,2021-10-06T15:58:55-04:00,0
2021-10-06T15:58:56-04:00,2021-10-07T10:11:11-04:00,0
2021-10-07T10:11:12-04:00,2021-10-08T04:23:27-04:00,0
2021-10-08T04:23:28-04:00,2021-10-08T22:35:43-04:00,0
2021-10-08T22:35:44-04:00,2021-10-09T16:47:59-04:00,0
2021-10-09T16:48:00-04:00,2021-10-10T11:00:15-04:00,0
2021-10-10T11:00:16-04:00,2021-10-11T05:12:31-04:00,0
2021-10-11T05:12:32-04:00,2021-10-11T23:24:47-04:00,0
2021-10-11T23:24:48-04:00,2021-10-12T17:37:03-04:00,0
2021-10-12T17:37:04-04:00,2021-10-13T11:49:19-04:00,0
2021-10-13T11:49:20-04:00,2021-10-14T06:01:35-04:00,0
2021-10-14T06:01:36-04:00,2021-10-15T00:13:51-04:00,0
2021-10-15T00:13:52-04:00,2021-10-15T18:26:07-04:00,0
2021-10-15T18:26:08-04:00,2021-10-16T12:38:23-04:00,0
2021-10-16T12:38:24-04:00,2021-10-17T06:50:39-04:00,0
2021-10-17T06:50:40-04:00,2021-10-18T01:02:55-04:00,0
2021-10-18T01:02:56-04:00,2021-10-18T19:15:11-04:00,0
2021-10-18T19:15:12-04:00,2021-10-19T13:27:27-04:00,0
2021-10-19T13:27:28-04:00,2021-10-20T07:39:43-04:00,0
2021-10-20T07:39:44-04:00,2021-10-21T01:51:59-04:00,0
2021-10-21T01:52:00-04:00,2021-10-21T20:04:15-04:00,0
2021-10-21T20:04:16-04:00,2021-10-22T14:16:31-04:00,0
2021-10-22T14:16:32-04:00,2021-10-23T08:28:47-04:00,0
2021-10-23T08:28:48-04:00,2021-10-24T02:41:03-04:00,0
2021-10-24T02:41:04-04:00,2021-10-24T20:53:19-04:00,0
2021-10-24T20:53:20-04:00,2021-10-25T15:05:35-04:00,0
2021-10-25T15:05:36-04:00,2021-10-26T09:17:51-04:00,0
2021-10-26T09:17:52-04:00,2021-10-27T03:30:07-04:00,0
2021-10-27T03:30:08-04:00,2021-10-27T21:42:23-04:00,0
2021-10-27T21:42:24-04:00,2021-10-28T15:54:39-04:00,0
2021-10-28T15:54:40-04:00,2021-10-29T10:06:55-04:00,0
2021-10-29T10:06:56-04:00,2021-10-30T04:19:11-04:00,0
2021-10-30T04:19:12-04:00,2021-10-30T22:31:27-04:00,0
2021-10-30T22:31:28-04:00,2021-10-31T16:43:43-04:00,0
2021-10-31T16:43:44-04:00,2021-11-01T10:55:59-04:00,0
2021-11-01T10:56:00-04:00,2021-11-02T05:08:15-04:00,0
2021-11-02T05:08:16-04:00,2021-11-02T23:20:31-04:00,0
2021-11-02T23:20:32-04:00,2021-11-03T17:32:47-04:00,0
2021-11-03T17:32:48-04:00,2021-11-04T11:45:03-04:00,0
2021-11-04T11:45:04-04:00,2021-11-05T05:57:19-04:00,0
2021-11-05T05:57:20-04:00,2021-11-06T00:09:35-04:00,0
2021-11-06T00:09:36-04:00,2021-11-06T18:21:51-04:00,0
2021-11-06T18:21:52-04:00,2021-11-07T11:34:07-05:00,0
2021-11-07T11:34:08-05:00,2021-11-08T05:46:23-05:00,0
2021-11-08T05:46:24-05:00,2021-11-08T23:58:39-05:00,0
2021-11-08T23:58:40-05:00,2021-11-09T18:10:55-05:00,0
2021-11-09T18:10:56-05:00,2021-11-10T12:23:11-05:00,0
2021-11-10T12:23:12-05:00,2021-11-11T06:35:27-05:00,0
2021-11-11T06:35:28-05:00,2021-11-12T00:47:43-05:00,0
2021-11-12T00:47:44-05:00,2021-11-12T18:59:59-05:00,0
2021-11-12T19:00:00-05:00,2021-11-13T13:12:15-05:00,0
2021-11-13T13:12:16-05:00,2021-11-14T07:24:31-05:00,0
2021-11-14T07:24:32-05:00,2021-11-15T01:36:47-05:00,0
2021-11-15T01:36:48-05:00,2021-11-15T19:49:03-05:00,0
2021-11-15T19:49:04-05:00,2021-11-16T14:01:19-05:00,0
2021-11-16T14:01:20-05:00,2021-11-17T08:13:35-05:00,0
2021-11-17T08:13:36-05:00,2021-11-18T02:25:51-05:00,0
2021-11-18T02:25:52-05:00,2021-11-18T20:38:07-05:00,0
2021-11-18T20:38:08-05:00,2021-11-19T14:50:23-05:00,0
2021-11-19T14:50:24-05:00,2021-11-20T09:02:39-05:00,0
2021-11-20T09:02:40-05:00,2021-11-21T03:14:55-05:00,0
2021-11-21T03:14:56-05:00,2021-11-21T21:27:11-05:00,0
2021-11-21T21:27:12-05:00,2021-11-22T15:39:27-05:00,0
2021-11-22T15:39:28-05:00,2021-11-23T09:51:43-05:00,0
2021-11-23T09:51:44-05:00,2021-11-24T04:03:59-05:00,0
2021-11-24T04:04:00-05:00,2021-11-24T22:16:15-05:00,0
2021-11-24T22:16:16-05:00,2021-11-25T16:28:31-05:00,0
2021-11-25T16:28:32-05:00,2021-11-26T10:40:47-05:00,0
2021-11-26T10:40:48-05:00,2021-11-27T04:53:03-05:00,0
2021-11-27T04:53:04-05:00,2021-11-27T23:05:19-05:00,0
2021-11-27T23:05:20-05:00,2021-11-28T17:17:35-05:00,0
2021-11-28T17:17:36-05:00,2021-11-29T11:29:51-05:00,0
2021-11-29T11:29:52-05:00,2021-11-30T05:42:07-05:00,0
2021-11-30T05:42:08-05:00,2021-11-30T23:54:23-05:00,0
2021-11-30T23:54:24-05:00,2021-12-01T18:06:39-05:00,0
2021-12-01T18:06:40-05:00,2021-12-02T12:18:55-05:00,0
2021-12-02T12:18:56-05:00,2021-12-03T06:31:11-05:00,0
2021-12-03T06:31:12-05:00,2021-12-04T00:43:27-05:00,0
2021-12-04T00:43:28-05:00,2021-12-04T18:55:43-05:00,0
2021-12-04T18:55:44-05:00,2021-12-05T13:07:59-05:00,0
2021-12-05T13:08:00-05:00,2021-12-06T07:20:15-05:00,0
2021-12-06T07:20:16-05:00,2021-12-07T01:32:31-05:00,0
2021-12-07T01:32:32-05:00,2021-12-07T19:44:47-05:00,0
2021-12-07T19:44:48-05:00,2021-12-08T13:57:03-05:00,0
2021-12-08T13:57:04-05:00,2021-12-09T08:09:19-05:00,0
2021-12-09T08:09:20-05:00,2021-12-10T02:21:35-05:00,0
2021-12-10T02:21:36-05:00,2021-12-10T20:33:51-05:00,0
2021-12-10T20:33:52-05:00,2021-12-11T14:46:07-05:00,0
2021-12-11T14:46:08-05:00,2021-12-12T08:58:23-05:00,0
2021-12-12T08:58:24-05:00,2021-12-13T03:10:39-05:00,0
2021-12-13T03:10:40-05:00,2021-12-13T21:22:55-05:00,7
